Enrollment,Name,Date,Time
,,,
,,,
,,,
,,,
,,,
,,,
,,,
,,,
,,,
,,,
,,,
,,,
,,,
,,,
,,,
,,,
,,,
,,,
,,,
,,,
,,,
,,,
,,,
,,,
,,,
,,,
,,,
,,,
,,,
,,,
,,,
,,,
,,,
,,,
,,,
,,,
,,,
,,,
,,,
,,,
123,sri,2024-12-11,02:58:36
123456,srikanth,2024-12-11,11:20:05
23,sri,2024-12-30,03:18:20
23,sri,2024-12-30,03:21:04
24,sris,2024-12-30,03:23:05
001,sri,2024-12-30,03:25:23
01,sri,2024-12-30,04:18:29
203,sri,2024-12-30,21:51:09
203,sri,2024-12-30,21:52:38
